cmpdname,mw,polararea,complexity,xlogp,heavycnt,hbonddonor,hbondacc,rotbonds,annothitcnt
"1-Propanaminium, 2-(acetyloxy)-3-carboxy-N,N,N-trimethyl-, inner salt",204.24,63.6,219,-0.3,14,1,4,6,7
1-Aminopropan-2-ol,75.11,46.2,22.9,-1,5,2,2,1,14
"1-Chloro-2,4-dinitrobenzene",202.55,91.6,224,2.3,13,0,4,0,15
"2,3-Dihydroxy-3-methylpentanoic acid",148.16,77.8,134,-0.4,10,3,4,3,6
"1,2-Dichloroethane",98.96,0,6,1.5,4,0,0,1,17
"1,2,4-Trichlorobenzene",181.4,0,94.3,4,9,0,0,0,14
"2,3-Dihydroxybenzoic acid",154.12,77.8,157,1.2,11,3,4,1,14
Chloroacetaldehyde,78.5,17.1,20,0.3,4,0,1,1,14
2-Chloroethanol,80.51,20.2,10,-0.1,4,1,1,1,14
2-Hydroxy-3-isopropylsuccinic acid,176.17,94.8,186,0,12,3,5,4,6
2-Deoxyhexopyranose,164.16,90.2,128,-1.6,11,4,5,1,6
Tartronic acid,120.06,94.8,103,-1.1,8,3,5,2,12
3-Methyl-2-oxovaleric acid,130.139,54.4,128,1.1,9,1,3,3,10
3-Methyl-2-oxobutanoic acid,116.11,54.4,115,0.7,8,1,3,2,11
2-Keto-L-gluconate,194.14,135,201,-2.9,13,5,7,5,8
2-Oxoglutaric acid,146.1,91.7,171,-0.9,10,2,5,4,14
2-Oxobutanoic acid,102.09,54.4,95.1,0.1,7,1,3,2,12
"2,5-Dichlorohydroquinone",179,40.5,106,2.7,10,2,2,0,10
"2,5-Dichlorophenol",163,20.2,97.1,3.1,9,1,1,0,13
4-Methyl-2-oxopentanoic acid,130.139,54.4,126,0.9,9,1,3,3,12
2-Oxoadipic acid,160.12,91.7,183,-0.5,11,2,5,5,9
"3,4-Dihydroxybenzoic acid",154.12,77.8,157,1.1,11,3,4,1,14
2-Isopropylmalic acid,176.17,94.8,198,-0.2,12,3,5,4,6
3-Chloroalanine,123.54,63.3,75.3,-2.8,7,2,3,2,6
3-Cyanopyridine,104.11,36.7,111,0.2,8,0,2,0,13
Carnitinium,162.21,57.5,139,-0.8,11,2,3,4,10
3-Hydroxyanthranilic acid,153.14,83.6,160,0.9,11,3,4,1,13
3-Hydroxyisobutyric acid,104.1,57.5,69.3,-0.4,7,2,3,2,8
3-Hydroxykynurenine,224.21,127,282,-2.5,16,4,6,4,11
3-(3-Hydroxyphenyl)propanoic acid,166.17,57.5,156,1.4,12,2,3,3,11
3-Oxoadipic acid,160.12,91.7,183,-0.9,11,2,5,5,8
3-Hydroxybenzaldehyde,122.12,37.3,101,1.4,9,1,2,1,12
3-Hydroxybenzyl alcohol,124.14,40.5,83,0.5,9,2,2,1,10
DL-Serine dihydrogen phosphate,185.07,130,186,-5.1,11,4,7,4,9
3-Phenylpropionic acid,150.17,37.3,126,1.8,11,1,2,3,13
3-Pyridineacetic acid,137.14,50.2,125,-0.1,10,1,3,2,10
3-Ureidopropionic acid,132.12,92.4,123,-1.5,9,3,3,3,11
gamma-Aminobutyric acid,103.12,63.3,62.7,-3.2,7,2,3,3,15
4-Hydroxybenzyl alcohol,124.14,40.5,75,0.2,9,2,2,1,12
4-Hydroxybenzaldehyde,122.12,37.3,93.1,1.4,9,1,2,1,13
4-Hydroxyphenylacetic acid,152.15,57.5,136,0.8,11,2,3,2,13
4-Methylpentanal,100.16,17.1,48.1,1.3,7,0,1,3,11
4-Hydroxybenzoic acid,138.12,57.5,125,1.6,10,2,3,1,16
Aminolevulinic acid,131.13,80.4,121,-3.8,9,2,4,4,15
5-Hydroxytryptophan,220.22,99.3,272,-1.2,16,4,4,3,12
6-Diazo-5-oxo-norleucine,171.15,82.4,232,-3.5,12,2,5,5,7
"5,12-Dihydroxyicosa-6,8,10,14-tetraenoic acid",336.5,77.8,421,4.1,24,3,4,14,6
"1,2-Ethanediol",62.07,40.5,6,-1.4,4,2,2,1,16
Acetic acid,60.05,37.3,31,-0.2,4,1,2,0,17
Acetaldehyde,44.05,17.1,10.3,-0.3,3,0,1,0,16
Acetamide,59.07,43.1,33,-0.9,4,1,1,0,16
Acetoin,88.11,37.3,58.6,-0.3,6,1,2,1,14
Acetone,58.08,17.1,26.3,-0.1,4,0,1,0,17
Adenine,135.13,80.5,127,-0.1,10,2,4,0,14
"2-(6-Aminopurin-9-yl)-5-(hydroxymethyl)oxolane-3,4-diol",267.24,140,335,-1.1,19,4,8,2,14
Adipic acid,146.14,74.6,114,0.1,10,2,4,5,16
Allantoin,158.12,113,225,-2.2,11,4,3,1,15
DL-Threonine,119.12,83.6,93.3,-2.9,8,3,4,2,9
Aminoacetone,73.09,43.1,42.2,-1,5,1,2,1,9
Ammonia,17.031,1,0,-0.7,1,1,1,0,15
Ammonium ion,18.039,1,0,-0.7,1,1,0,0,11
Anthranilic acid,137.14,63.3,136,1.2,10,2,3,1,15
DL-Arginine,174.2,128,176,-4.2,12,4,4,5,10
Arsenic acid,141.943,77.8,49.8,,5,3,4,0,13
Quinacrine,400,37.4,461,6,28,1,4,9,15
"Adenosine 5'-(tetrahydrogen triphosphate), disodium salt",507.18,279,800,-5.7,31,7,17,8,7
beta-Alanine,89.09,63.3,52.8,-3,6,2,3,2,13
Benzaldehyde,106.12,17.1,72.5,1.5,8,0,1,1,15
Benzene,78.11,0,15.5,2.1,6,0,0,0,16
Benzoic acid,122.12,37.3,104,1.9,9,1,2,1,17
Benzyl alcohol,108.14,20.2,55.4,1.1,8,1,1,1,16
"N-[2,4-Dihydroxy-6-(hydroxymethyl)-5-[3,4,5-trihydroxy-6-(hydroxymethyl)oxan-2-yl]oxyoxan-3-yl]acetamide",383.35,198,480,-4.7,26,8,11,5,5
Betaine,117.15,40.1,87.6,0.5,8,0,2,1,15
Bioepiderm,244.31,104,298,0.3,16,3,4,5,10
"Biphenyl-2,3-diol",186.21,40.5,175,2.7,14,2,2,1,10
Bis(4-nitrophenyl) hydrogen phosphate,340.18,147,434,1,23,1,8,4,12
Blasticidin-S,422.4,213,795,-5.2,30,6,7,9,12
Hydrogen bromide,80.91,0,0,1,1,1,0,0,13
Butyraldehyde,72.11,17.1,24.8,0.9,5,0,1,2,16
"2,3-Butanediol",90.12,40.5,30.5,-0.9,6,2,2,1,14
1-Butanol,74.12,20.2,13.1,0.9,5,1,1,2,16
Butyric acid,88.11,37.3,49.5,0.8,6,1,2,2,16
Cadaverine,102.18,52,25.3,-0.6,7,2,2,4,13
DL-Canavanine,176.17,137,178,-4.8,12,4,5,5,14
Carbamoyl phosphate,141.02,110,135,-2.1,8,3,5,2,10
Ureidosuccinic acid,176.13,130,214,-1.9,12,4,5,4,8
Carbon dioxide,44.009,34.1,18.3,0.9,3,0,2,0,15
Carbon monoxide,28.01,1,10,0.7,2,0,1,0,15
Formic acid,46.025,37.3,10.3,-0.2,3,1,2,0,15
Catechol,110.11,40.5,62.9,0.9,8,2,2,0,17
D-(+)-Cellobiose,342.3,190,382,-4.7,23,8,11,4,12
Methane,16.043,0,0,0.6,1,0,0,0,15
Chlordecone,490.6,17.1,631,3.9,21,0,1,0,16
Chloroacetic acid,94.5,37.3,42.9,0.2,5,1,2,1,15
Chlorohydroquinone,144.55,40.5,97.1,1.4,9,2,2,0,11
"Cholan-24-oic acid, 3,7,12-trihydroxy-, (3alpha,5beta,7alpha,12alpha)-",408.6,98,637,3.6,29,4,5,4,8
Choline,104.17,20.2,46.5,-0.4,7,1,1,2,14
"2-Propen-1-ol, 3-phenyl-",134.17,20.2,101,1.9,10,1,1,2,12
Citric acid,192.12,132,227,-1.7,13,4,7,5,17
Hydrochloric acid,36.46,0,0,0.8,1,1,0,0,16
"[[5-(6-Aminopurin-9-yl)-4-hydroxy-3-phosphonooxyoxolan-2-yl]methoxy-hydroxyphosphoryl] [3-hydroxy-2,2-dimethyl-4-oxo-4-[[3-oxo-3-(2-sulfanylethylamino)propyl]amino]butyl] hydrogen phosphate",767.5,348,1270,-5.8,48,10,21,18,9
Coumarin,146.14,26.3,196,1.4,11,0,2,0,15
4-Isopropylbenzyl alcohol,150.22,20.2,101,2.3,11,1,1,2,14
4-Isopropylbenzaldehyde,148.2,17.1,121,2.7,11,0,1,2,13
4-Hydroxyphenylglycolic acid,168.15,77.8,160,0.3,12,3,4,2,9
2-Methoxy-4-vinylphenol,150.17,29.5,134,2.4,11,1,2,2,12
o-Cresol,108.14,20.2,70.8,2,8,1,1,0,17
Salicylic acid,138.12,57.5,133,2.3,10,2,3,1,16
(2-Aminoethyl)phosphonic acid,125.06,83.6,86.9,-4.8,7,3,4,2,8
3-Methylcatechol,124.14,40.5,92.9,1.8,9,2,2,0,12
m-Cresol,108.14,20.2,70.8,2,8,1,1,0,16
4-Hydroxyphenylglyoxylic acid,166.13,74.6,191,1,12,2,4,2,7
Octane,114.23,0,25,3.9,8,0,0,5,14
Phloroglucinol,126.11,60.7,63.3,0.2,9,3,3,0,14
4-Methylumbelliferyl acetate,218.2,52.6,345,2,16,0,4,2,10
Gallic acid,170.12,98,169,0.7,12,4,5,1,16
Acetylenedicarboxylic acid,114.06,74.6,161,0.1,8,2,4,0,10
4-Nitrophenyl phosphate,219.09,113,250,0.3,14,2,6,2,11
Octanoic acid,144.21,37.3,89.3,3,10,1,2,6,18
Pimelic acid,160.17,74.6,125,0.5,11,2,4,6,12
2-Nitropropane,89.09,45.8,54.3,0.8,6,0,2,0,15
4-Aminoisoxazolidin-3-one,102.09,64.4,92.9,-1.5,7,2,3,0,9
Hydrogen sulfide,34.08,1,0,0.5,1,1,1,0,17
4-Aminophenol,109.13,46.2,66.9,0,8,2,2,0,16
Nornicotine,148.2,24.9,125,0.2,11,1,2,1,13
Norcotinine,162.19,42,181,0.1,12,1,2,1,10
"2-Pyrrolidinone, 3-hydroxy-1-methyl-5-(3-pyridinyl)-",192.21,53.4,232,-0.9,14,1,3,1,7
Dihydrolipoic acid,208.3,39.3,128,1.8,12,3,4,7,9
"2,3,4,5-Tetrahydroxy-6-phosphonooxyhexanoic acid",276.14,185,299,-4.5,17,7,10,7,4
DL-Aspartic acid,133.1,101,133,-2.8,9,3,5,3,11
"1,3-Diaminopropane",74.13,52,12.4,-1.4,5,2,2,2,13
4-Oxo-4-(pyridin-3-yl)butanoic acid,179.17,67.3,203,-0.1,13,1,4,4,9
3-Hydroxybutyric acid,104.1,57.5,69.3,-0.5,7,2,3,2,12
Bupropion,239.74,29.1,247,3.2,16,1,2,4,16
3-Chlorobenzoic acid,156.56,37.3,136,2.7,10,1,2,1,12
m-Chlorohippuric acid,213.62,66.4,232,0.9,14,2,3,3,8
Hexitol,182.17,121,105,-3.1,12,6,6,5,10
Octanal,128.21,17.1,59.6,2.7,9,0,1,6,14
S-Methylmethionine,164.25,64.3,116,-3,10,2,3,4,8
Guaiacol,124.14,29.5,83,1.3,9,1,2,1,16
Hippuric acid,179.17,66.4,197,0.3,13,2,3,3,15
2-Aminohexanedioic acid,161.16,101,157,-3.1,11,3,5,5,12
Methylmalonic acid,118.09,74.6,103,0.1,8,2,4,2,13
DL-Pyroglutamic acid,129.11,66.4,154,-0.8,9,2,3,1,10
"2,5-Dioxopentanoic acid",130.1,71.4,138,-1,9,1,4,4,6
Malic acid,134.09,94.8,129,-1.3,9,3,5,3,15
Propionaldehyde,58.08,17.1,17.2,0.6,4,0,1,1,15
Hydrogen selenide,80.99,0,0,,1,0,0,0,10
1-Aminocyclopropanecarboxylic acid,101.1,63.3,106,-2.8,7,2,3,1,14
4-Nitrobenzaldehyde,151.12,62.9,156,1.6,11,0,3,1,12
Phosphonoacetic acid,140.03,94.8,133,-2,8,3,5,2,14
"3,4-Dihydroxyphenylacetic acid",168.15,77.8,168,0.5,12,3,4,2,12
1-Methylpyrrolidine-2-carboxylic acid,129.16,40.5,124,-1.9,9,1,3,1,6
2-Oxoarginine,173.17,119,208,-1.6,12,3,4,5,8
3-(Methylthio)propionic acid,120.17,62.6,62.7,0.4,7,1,3,3,11
Aminocaproic acid,131.17,63.3,83.1,-3,9,2,3,5,15
Dibenzofuran,168.19,13.1,170,4.1,13,0,1,0,13
N-Acetyl-DL-cysteine,163.2,67.4,148,0.4,10,3,4,3,10
Creatine,131.13,90.4,134,-1.2,9,3,3,3,13
"Glycine, N-[imino(phosphonoamino)methyl]-N-methyl-",211.11,136,271,-2.6,13,4,6,4,10
2-Imino-1-methylimidazolidin-4-one,113.12,58.7,151,-1.8,8,1,1,0,12
Cysteine,121.16,64.3,75.3,-2.5,7,3,4,2,15
Cystine,240.3,177,192,-6.3,14,4,8,7,12
Cytosine,111.1,67.5,170,-1.7,8,2,2,0,14
2-Mercaptoethanesulfonic acid,142.2,63.8,118,-0.6,7,2,4,2,13
DL-Alanine,89.09,63.3,61.8,-3,6,2,3,1,13
Lactic acid,90.08,57.5,59.1,-0.7,6,2,3,1,17
Cytidine 5'-(dihydrogen phosphate),307.2,155,502,-3.4,20,4,7,4,5
"4,5-Dihydroorotic acid",158.11,95.5,225,-1.5,11,3,4,1,10
"2,3-Butanedione",86.09,34.1,71.5,-1.3,6,0,2,1,15
Diethyl hydrogen phosphate,154.1,55.8,103,-0.3,9,1,4,4,11
"3,4-Dihydrocoumarin",148.16,26.3,165,1.6,11,0,2,0,14
Dihydrokaempferol,288.25,107,392,1.8,21,4,6,1,7
Dihydroxyacetone,90.08,57.5,44,-1.4,6,2,3,2,14
"1,4-Dihydroxy-2-naphthoic acid",204.18,77.8,253,2.5,15,3,4,1,11
"N,N-Dimethylglycine",103.12,40.5,70.1,-2.9,7,1,3,2,11
Dimethylamine,45.08,12,2.8,-0.2,3,1,1,0,14
"5,6-Dimethylbenzimidazole",146.19,28.7,147,2.4,11,1,1,0,12
"2,3-Dihydroxy-3-methylbutanoic acid",134.13,77.8,118,-0.9,9,3,4,2,8
Dimethyl sulfoxide,78.14,36.3,29,-0.6,4,0,2,0,16
3-Pyridinecarboxaldehyde oxime,122.12,45.5,103,0.6,9,1,3,1,5
Ethanolamine,61.08,46.2,10,-1.3,4,2,2,1,15
Ethyl 2-methylacetoacetate,144.17,43.4,140,0.9,10,0,3,4,11
Ethanol,46.07,20.2,2.8,-0.1,3,1,1,0,17
3-(4-Hydroxy-3-methoxyphenyl)-2-propenoic acid,194.18,66.8,224,1.5,14,2,4,3,10
Formaldehyde,30.026,17.1,2,1.2,2,0,1,0,16
Formamide,45.041,43.1,12.3,-0.8,3,1,1,0,14
Butenedioic acid,116.07,74.6,119,-0.3,8,2,4,2,9
Lindane,290.8,0,104,3.8,12,0,0,0,17
3-Phosphoglyceraldehyde,170.06,104,149,-2.7,10,3,6,4,7
Glutaric acid,132.11,74.6,104,-0.3,9,2,4,4,17
gamma-Glutamylcysteinylglycine,307.33,160,389,-4.5,20,6,8,9,6
Glycine,75.07,63.3,42.9,-3.2,5,2,3,1,17
Glycerol,92.09,60.7,25.2,-1.8,6,3,3,2,16
Glycerophosphoric acid,172.07,107,129,-2.9,10,4,6,4,11
Glycolaldehyde,60.05,37.3,18,-0.9,4,1,2,1,11
Glycolic acid,76.05,57.5,40.2,-1.1,5,2,3,1,15
Glyoxylic acid,74.04,54.4,55.9,-0.3,5,1,3,1,13
Glycocyamine,117.11,102,116,-1.6,8,3,3,2,12
Hydrogen cyanide,27.025,23.8,10,0.1,2,0,1,0,17
Heparin,1134.9,652,2410,-10.8,70,15,38,21,14
Histamine,111.15,54.7,64.7,-0.7,8,2,2,2,16
4-Amino-5-hydroxymethyl-2-methylpyrimidine,139.16,72,109,-0.1,10,2,4,1,10
Homogentisic acid,168.15,77.8,168,0.5,12,3,4,2,11
Thiocyanic acid,59.09,24.8,31.3,0.6,3,1,2,0,12
Hydantoin-5-propionic acid,172.14,95.5,238,-1.2,12,3,4,3,9
Hydrogen,2.016,0,0,0,0,0,0,0,13
Hydrogen peroxide,34.015,40.5,0,-0.9,2,2,2,0,16
Hydroquinone,110.11,40.5,54.9,0.6,8,2,2,0,17
Hydroxylamine,33.03,46.2,2,-1.2,2,2,2,0,16
Imidazole,68.08,28.7,28.1,-0.1,5,1,1,0,15
Indole,117.15,15.8,101,2.1,9,1,0,0,15
Indole-3-acetic acid,175.18,53.1,205,1.4,13,2,2,2,15
Indole-3-pyruvic acid,203.19,70.2,277,1.3,15,2,3,3,12
Iodine,253.808,0,0,1.7,2,0,0,0,17
Itaconic acid,130.1,74.6,158,-0.1,9,2,4,3,13
DL-Dopa,197.19,104,209,-2.7,14,4,5,3,12
Adrenaline,183.2,72.7,154,-1.4,13,4,4,3,15
Methionine sulfoxide,165.21,99.6,148,-4.1,10,2,5,4,11
Pipecolic acid,129.16,49.3,114,-2.3,9,2,3,1,11
Lactaldehyde,74.08,37.3,33.9,-0.5,5,1,2,1,6
Lipoamide,205.3,93.7,152,1,12,1,3,5,13
Thioctic acid,206.3,87.9,150,1.7,12,1,4,5,14
"2,6-Diaminopimelic acid",190.2,127,175,-5.9,13,4,6,6,8
Malonic acid,104.06,74.6,83.1,-0.8,7,2,4,2,15
3-(2-Hydroxyphenyl)propanoic acid,166.17,57.5,156,1.4,12,2,3,3,9
Tartaric acid,150.09,115,134,-1.9,10,4,6,3,15
DL-Methionine,149.21,88.6,97,-1.9,9,2,4,4,13
Methanethiol,48.11,1,2,0.5,2,1,1,0,13
Methylglyoxal,72.06,34.1,55.9,-0.4,5,0,2,1,14
Methanol,32.042,20.2,2,-0.5,2,1,1,0,17
Phytic acid,660.04,401,818,-10.3,36,12,24,12,15
Inositol,180.16,121,104,-3.7,12,6,6,0,15
Melatonin,232.28,54.1,270,0.8,17,2,2,4,16
N-Acetylhexosamine,221.21,119,235,-1.7,15,5,6,2,10
N-Acetyl-5-hydroxytryptamine,218.25,65.099,257,0.5,16,3,2,3,12
Acetanilide,135.16,29.1,116,1.2,10,1,1,1,15
Sialic acid,309.27,177,403,-3.5,21,7,9,5,8
N-Formyl-DL-methionine,177.22,91.7,140,0.2,11,2,4,5,6
N-Methylphenylethanolamine,151.21,32.299,99.7,-0.3,11,2,2,3,8
Naphthalene,128.169,0,80.6,3.3,10,0,0,0,16
"5,7-Dihydroxy-2-(4-hydroxyphenyl)chroman-4-one",272.25,87,363,2.4,20,3,5,1,13
Nickel,58.693,0,0,,1,0,0,0,15
Nicotinamide,122.12,56,114,-0.4,9,1,2,1,17
Nicotinic acid,123.11,50.2,114,0.4,9,1,3,1,17
3-(1-Methylpyrrolidin-2-yl)pyridine,162.23,16.1,147,1.2,12,0,2,1,13
Nitric acid,63.013,66,24.8,0.2,4,1,3,0,16
Nitrogen,28.014,47.6,8,0.1,2,0,2,0,15
Nitrous oxide,44.013,19.1,25.8,0.5,3,0,2,0,15
"N,N-Dimethylaniline",121.18,3.2,72.6,2.3,9,0,1,1,16
"4-(2-Amino-1-hydroxyethyl)benzene-1,2-diol",169.18,86.7,142,-1.2,12,4,4,2,11
1-Octanol,130.229,20.2,43.8,3,9,1,1,6,16
Water,18.015,1,0,-0.5,1,1,1,0,12
3-Hydroxypyruvic acid,104.06,74.6,95.1,-1,7,2,4,2,12
9-Octadecenoic acid,282.5,37.3,234,6.5,20,1,2,15,7
Orotic acid,156.1,95.5,268,-1.4,11,3,4,1,14
Oxalacetic acid,132.07,91.7,158,-0.6,9,2,5,3,12
Oxalic acid,90.03,74.6,71.5,-0.3,6,2,4,1,15
Oxalosuccinic acid,190.11,129,266,-1.1,13,3,7,5,8
Oxamic acid,89.05,80.4,86.8,-0.9,6,2,3,1,13
Oxygen,31.999,34.1,0,-1.1,2,0,2,0,15
4-Aminobenzoic acid,137.14,63.3,128,0.8,10,2,3,1,16
4-Hydroxyphenylpyruvic acid,180.16,74.6,204,0.9,13,2,4,3,10
4-Nitrophenol,139.11,66,123,1.9,10,1,3,0,16
Triphosphoric acid,257.959,171,272,-4.3,13,5,10,4,9
Hexadecanal,240.42,17.1,143,7.1,17,0,1,14,11
Palmitic acid,256.42,37.3,178,6.4,18,1,2,14,16
D-Pantothenic acid,219.23,107,239,-1.1,15,4,5,6,12
DL-Pantolactone,130.139,46.5,139,0.5,9,1,3,0,8
Parathion,291.26,106,304,3.8,18,0,6,6,15
Pentachlorophenol,266.3,20.2,150,5.1,12,1,1,0,16
DL-Phenylalanine,165.19,63.3,153,-1.5,12,2,3,3,12
Phenanthrene,178.23,0,174,4.5,14,0,0,0,15
Phenol,94.11,20.2,46.1,1.5,7,1,1,0,17
Phenylpyruvic acid,164.16,54.4,180,1.3,12,1,3,3,13
Phenylacetaldehyde,120.15,17.1,82.6,1.8,9,0,1,2,13
Phenylacetic acid,136.15,37.3,114,1.4,10,1,2,2,17
2-Amino-1-phenylethanol,137.18,46.2,89.3,0.1,10,2,2,2,11
Phenethylamine,121.18,26,65,1.4,9,1,1,2,15
5-Phenylhydantoin,176.17,58.2,234,0.5,13,2,2,1,9
Phosphoric acid,97.995,77.8,49.8,-2.1,5,3,4,0,17
2-Aminoethyl dihydrogen phosphate,141.06,92.8,98.2,-4.8,8,3,5,3,12
O-Phospho-DL-threonine,199.1,130,212,-4.7,12,4,7,4,7
Phthalic acid,166.13,74.6,177,0.7,12,2,4,2,16
Picolinic acid,123.11,50.2,114,0.8,9,1,3,1,13
Porphobilinogen,226.23,116,270,-3.5,16,4,5,6,10
Pyrophosphoric acid,177.98,124,147,-3.2,9,4,7,2,12
Pyrroloquinoline quinone,330.21,175,647,-0.1,24,4,9,3,12
3beta-Hydroxypregn-5-en-20-one,316.5,37.3,550,4.2,23,1,2,1,6
Propylene glycol,76.09,40.5,20.9,-0.9,5,2,2,1,17
Propanol,60.1,20.2,7.2,0.3,4,1,1,1,15
Propionic acid,74.08,37.3,40.2,0.3,5,1,2,1,16
"1,4-Diaminobutane",88.15,52,17.5,-0.9,6,2,2,3,17
Pyrazinamide,123.11,68.9,115,-0.6,9,1,3,1,16
Pyrazine-2-carboxylic acid,124.1,63.1,116,0.1,9,1,4,1,11
Pyrazole,68.08,28.7,28.1,0.3,5,1,1,0,13
Pyridine,79.1,12.9,30.9,0.7,6,0,1,0,15
Pyridoxal,167.16,70.4,162,0,12,2,4,2,14
Pyridoxamine phosphate,248.17,126,271,-4.4,16,4,7,4,12
Pyridoxine,169.18,73.6,142,-0.8,12,3,4,2,15
Pyrogallol,126.11,60.7,84.3,0.5,9,3,3,0,16
Pyruvic acid,88.06,54.4,84,-0.3,6,1,3,1,15
"1,3,4,5-Tetrahydroxycyclohexanecarboxylic acid",192.17,118,203,-2.4,13,5,6,1,6
6'-Methoxycinchonan-9-ol,324.4,45.6,457,2.9,24,1,4,4,13
Quinolinic acid,167.12,87.5,204,0.2,12,2,5,2,14
Dimethyl sulfide,62.14,25.3,2.8,0.9,3,0,1,0,14
"(2Z,4E,6E,8E)-3,7-Dimethyl-9-(2,6,6-trimethylcyclohex-1-en-1-yl)nona-2,4,6,8-tetraenal",284.4,17.1,522,6.2,21,0,1,5,8
Citramalic acid,148.11,94.8,163,-0.9,10,3,5,3,8
Sarcosine,89.09,49.3,52.8,-2.8,6,2,3,2,13
Selenic acid,144.98,74.6,81.3,,5,2,4,0,12
Selenious acid,128.99,57.5,26.3,,4,2,3,0,15
Sulfurous acid,82.08,76.7,26.3,-0.5,4,2,4,0,12
Spermidine,145.25,64.099,56.8,-1,10,3,3,7,15
Spermine,202.34,76.1,86.1,-1.1,14,4,4,11,14
L-Threo-Sphingosine C-18,299.5,66.5,231,5.3,21,3,3,15,5
Succinic acid,118.09,74.6,92.6,-0.6,8,2,4,3,17
Succinic semialdehyde,102.09,54.4,77,-0.8,7,1,3,3,10
Sulfuric acid,98.08,83,81.3,-1.4,5,2,4,0,17
Sulfur dioxide,64.069,35.1,18.3,0.1,3,0,3,0,14
Taurine,125.15,88.8,120,-4.1,7,2,4,2,17
Tetrahydrothiophene,88.17,25.3,22.8,1.4,5,0,1,0,13
Tetramethylene sulfoxide,104.17,36.3,61.9,-0.3,6,0,2,0,12
Thiamine monophosphate,345.34,151,413,-0.1,22,3,8,6,10
Thioglycolic acid,92.12,38.3,42.9,0.1,5,2,3,1,15
L-Thymidine,242.23,99.1,381,-1.2,17,3,5,2,12
Thymine,126.11,58.2,195,-0.6,9,2,2,0,12
4-Methyl-5-thiazoleethanol,143.21,61.4,89.1,0.8,9,1,3,2,11
Toluene,92.14,0,42,2.7,7,0,0,0,17
Trimethylamine oxide,75.11,18.1,28.4,-0.3,5,0,1,0,10
Trimethylamine,59.11,3.2,8,0.3,4,0,1,0,15
DL-Tryptophan,204.22,79.1,245,-1.1,15,3,3,3,14
Tryptamine,160.22,41.8,147,1.6,12,2,1,2,13
Tungstic acid,249.9,74.6,81.3,,5,2,4,0,7
DL-Tyrosine,181.19,83.6,176,-2.3,13,3,4,3,9
Uracil,112.09,58.2,161,-1.1,8,2,2,0,14
Uric acid,168.11,99.3,332,-1.9,12,4,3,0,12
Urea,60.056,69.1,29,-1.4,4,2,1,0,17
Arabinofuranosyluracil,244.2,119,371,-2,17,4,6,2,9
Vanillin,152.15,46.5,135,1.2,11,1,3,2,17
Xanthine,152.11,86.9,217,-0.7,11,3,3,0,14
Catechin,290.27,110,364,0.4,21,5,6,1,12
Epibatidine,208.69,24.9,221,2.2,14,1,2,1,11
DL-Methamphetamine,149.23,12,95,2.1,11,1,1,3,12
"1,2,3,4,5,6-Hexahydro-6,11-dimethyl-2,6-methano-3-benzazocin-8-ol",217.31,32.299,280,1.3,16,2,2,0,6
"Octahydro-4,8a-dimethyl-4a(2H)-naphthol",182.3,20.2,201,3.3,13,1,1,0,9
"1-Aminocyclobutane-1,3-dicarboxylic acid",159.14,101,207,-3.5,11,3,5,2,10
2-Amino-5-phosphonopentanoic acid,197.13,121,200,-5.3,12,4,6,5,10
(RS)-3-Hydroxyphenylglycine,167.16,83.6,172,-2.1,12,3,4,2,8
"6-Chloro-2,3,4,5-tetrahydro-1-phenyl-1H-3-benzazepine-7,8-diol",289.75,52.5,322,2.7,20,3,3,1,10
4-(3-Phosphonopropyl)piperazine-2-carboxylic acid,252.2,110,292,-6.8,16,4,7,5,11
3-Amino-1-hydroxypyrrolidin-2-one,116.12,66.6,115,-1.5,8,2,3,0,10
Ibotenic acid,158.11,102,235,-3.9,11,3,5,2,11
Vanillylmandelic acid,198.17,87,205,-0.2,14,3,5,3,13
(+/-)-Huperzine A,242.32,55.1,551,0,18,2,2,0,10
Menthol,156.26,20.2,120,3,11,1,1,1,16
Scopolamine N-oxide,319.4,77.1,460,0.8,23,1,5,5,11
Gallocatechin gallate,458.4,197,667,1.2,33,8,11,4,10
Mandelic acid,152.15,57.5,138,0.6,11,2,3,2,12
2-(6-Methoxy-2-naphthyl)propionic acid,230.26,46.5,277,3.3,17,1,3,3,9
"6,7-Dimethoxy-3-(6-methyl-5,6,7,8-tetrahydro[1,3]dioxolo[4,5-g]isoquinolin-5-yl)-2-benzofuran-1(3H)-one",383.4,66.5,601,2.7,28,0,7,3,11
"1-Aminocyclopentane-1,3-dicarboxylic acid",173.17,101,227,-3.2,12,3,5,2,6
"1,10-Diaminodecane",172.31,52,64.2,1.9,12,2,2,9,11
"1,10-Phenanthroline",180.2,25.8,183,1.8,14,0,2,0,13
Anthrapurpurin,256.209,94.8,407,2.4,19,3,5,0,6
"1,2-Dimethylhydrazine",60.1,24.1,6,-0.4,4,2,2,1,13
Isocaffeine,194.19,58.4,293,-0.1,14,0,3,0,6
"8-Cyclopentyl-1,3-dipropylxanthine",304.39,69.3,436,4,22,1,3,5,13
"1,5-Isoquinolinediol",161.16,49.3,225,1,12,2,2,0,10
"(3-Ethenyl-6-hydroxy-3,4a,7,7,10a-pentamethyl-1-oxo-2,5,6,6a,8,9,10,10b-octahydrobenzo[f]chromen-5-yl) acetate",378.5,72.8,670,3.3,27,1,5,3,4
1-(2-Aminoethyl)pyrrolidine,114.19,29.3,57.5,0.1,8,1,2,2,7
1-(2-Methoxyphenyl)piperazine,192.26,24.5,169,1.4,14,1,3,2,12
"1-Phthalazinamine, N-(3-chlorophenyl)-4-phenyl-",331.8,37.8,398,5.3,24,1,3,3,9
1-(3-Chlorophenyl)piperazine,196.67,15.3,157,1.7,13,1,2,1,14
1-(2-Trifluoromethylphenyl)imidazole,212.17,17.8,217,2.6,15,0,4,1,10
1-Aminocyclohexanecarboxylic acid,143.18,63.3,139,-1.9,10,2,3,1,12
1-Aminobenzotriazole,134.14,56.7,127,0.9,10,1,3,0,10
8-Anilino-1-naphthalenesulfonic acid,299.3,74.8,439,3.5,21,2,4,3,11
"1-Methyl-4-phenyl-1,2,3,6-tetrahydropyridine",173.25,3.2,189,2.7,13,0,1,1,13
1-Methylimidazole,82.1,17.8,44.8,-0.1,6,0,1,0,12
"1-(Tert-Butyl)-3-(p-tolyl)-1H-pyrazolo[3,4-d]pyrimidin-4-amine",281.36,69.6,358,2.8,21,1,4,2,9
"1-(Tert-Butyl)-3-(2-((4-(diethylamino)butyl)amino)-6-(3,5-dimethoxyphenyl)pyrido[2,3-d]pyrimidin-7-yl)urea",523.7,114,690,4.5,38,3,8,13,10
"12-Hydroxyheptadeca-5,8,10-trienoic acid",280.4,57.5,316,4.1,20,2,3,12,5
"14,15-Epoxy-5,8,11-eicosatrienoic acid",320.5,49.8,396,5.3,23,1,3,14,7
"15-Hydroxy-5,8,11,13,17-eicosapentaenoic acid",318.4,57.5,428,4.5,23,2,3,13,6
"15-Hydroperoxyicosa-5,8,11,13-tetraenoic acid",336.5,66.8,408,5.1,24,2,4,15,5
"7-[3-Hydroxy-2-(3-hydroxy-4,4-dimethyloct-1-enyl)-5-oxocyclopentyl]hept-5-enoic acid",380.5,94.8,535,3.7,27,3,5,12,3
"1h-[1,2,4]Oxadiazolo[4,3-a]quinoxalin-1-one",187.15,54.3,337,1.1,14,0,4,0,10
Bisbenzimide,452.6,73.1,664,4.6,34,2,5,5,10
"2,2'-Bipyridine",156.18,25.8,120,1.7,12,0,2,1,15
"2,4,5-Trichlorophenoxyacetic acid",255.5,46.5,212,3.3,14,1,3,3,15
"Methyl (2,4,5-trichlorophenoxy)acetate",269.5,35.5,225,3.6,15,0,3,4,9
"2,4,6-Tribromophenol",330.8,20.2,108,4.4,10,1,1,0,15
"2,4-Dichlorobenzylamine",176.04,26,108,2.3,10,1,1,1,8
"2,4-Dichlorophenoxyacetic acid",221.03,46.5,186,2.8,13,1,3,3,15
"Methyl (2,4-dichlorophenoxy)acetate",235.06,35.5,199,3.1,14,0,3,4,10
"4-(2,4-Dichlorophenoxy)butanoic acid",249.09,46.5,211,3.5,15,1,3,5,14
"Methyl 4-(2,4-dichlorophenoxy)butanoate",263.11,35.5,223,3.9,16,0,3,6,8
"2,4-Dihydroxybenzoic acid",154.12,77.8,157,1.6,11,3,4,1,14
"2,4-Dinitrophenol",184.11,112,220,1.7,13,1,5,0,15
"2,5-Bis(hydroxymethyl)oxolane-3,4-diol",164.16,90.2,114,-1.5,11,4,5,2,5
2-(Butylamino)ethanethiol,133.26,13,39.5,1.3,8,2,2,5,7
"2-Amino-1-methyl-6-phenylimidazo[4,5-b]pyridine",224.26,56.7,264,2.2,17,1,3,1,14
"2-Amino-2-methyl-1,3-propanediol",105.14,66.5,51.7,-1.8,7,3,3,2,10
2-Amino-4-methylpyridine,108.14,38.9,72.9,0.6,8,1,2,0,12
"6-Methyl-5,6-dihydro-4H-1,3-thiazin-2-amine",130.21,63.7,111,0.6,8,1,2,0,9
2-Amino-5-(4-nitrophenylsulfonyl)thiazole,285.3,156,409,1.6,18,1,7,2,8
2-Aminofluorene,181.23,26,213,3.1,14,1,1,0,13
"(3-Hexadecoxy-2-icosa-8,11,14-trienoyloxypropyl) 2-(trimethylazaniumyl)ethyl phosphate",770.1,94.1,938,13.7,53,0,7,41,4
2-Hydroxysaclofen,265.71,109,321,-2.8,16,3,5,4,10
beta-Mercaptoethanol,78.14,21.2,10,-0.2,4,2,2,1,15
Pyrithione,127.17,55.6,162,0.5,8,1,2,0,14
"2-Methoxy-13-methyl-6,7,8,9,11,12,14,15,16,17-decahydrocyclopenta[a]phenanthrene-3,17-diol",302.4,49.7,425,4,22,2,3,1,6
2-Methyl-5-hydroxytryptamine,190.24,62,198,1.4,14,3,2,2,9
"6-[4-[2-(5-Hydroxy-2-methylidenecyclohexylidene)ethylidene]-7a-methyl-2,3,3a,5,6,7-hexahydro-1H-inden-1-yl]-2-methylheptane-2,3-diol",416.6,60.7,688,5,30,3,3,6,6
3-Epi-25-Hydroxyvitamin D3,400.6,40.5,655,6.2,29,2,2,6,8
2-Aminoethyl diphenylborinate,225.1,35.2,182,,17,1,2,5,11
Aminonucleoside,294.31,123,373,-0.5,21,3,8,3,7
"3,4-Dichlorobenzylamine",176.04,26,108,2.5,10,1,1,1,9
"3,4-Dichloroisocoumarin",215.03,26.3,273,3.1,13,0,2,0,10
Zopolrestat,419.4,111,702,3.5,29,1,9,4,12
Tenamfetamine,179.22,44.5,174,1.6,13,1,3,2,15
"3,4-Methylenedioxymethamphetamine",193.24,30.5,186,2.2,14,1,3,3,16
3-(Dibutylamino)propylamine,186.34,29.3,86.1,2.2,13,1,2,9,9
Amitrole,84.08,67.6,44.8,-0.4,6,2,3,0,17
Phaclofen,249.63,83.6,238,-2.4,15,3,4,4,10
3-Amino-N-ethyl-4-phenoxy-N-phenylbenzenesulphonamide,368.5,81,522,3.8,26,1,5,6,5
3-Aminobenzamide,136.15,69.1,136,-0.5,10,2,2,1,15
Tramiprosate,139.18,88.8,133,-3.8,8,2,4,3,13
3-Aminopropanenitrile,70.09,49.8,49.2,-1,5,1,2,1,15
3-Bromo-7-nitroindazole,242.03,74.5,220,2.4,13,1,3,0,9
3-(Carboxymethyl)-4-isopropylpyrrolidine-2-carboxylic acid,215.25,86.6,264,-1.7,15,3,5,4,5
"3-Fluoro-1,2-propanediol",94.08,40.5,32,-0.7,6,2,3,2,7
Meglutol,162.14,94.8,158,-1.2,11,3,5,4,13
4-(2-Aminoethyl)-2-methoxyphenol,167.2,55.5,130,0.2,12,2,3,3,12
3-Methoxytyrosine,211.21,92.8,222,-2.4,15,3,5,4,8
3-Methoxypropylamine,89.14,35.2,23.5,-0.5,6,1,2,3,10
3-Methylcholanthrene,268.4,0,399,6.4,21,0,0,0,15
Enprofylline,194.19,78.1,268,0.3,14,2,3,2,14
3-Nitrophenylboronic acid,166.93,86.3,169,,12,2,4,1,10
3-Nitropropionic acid,119.08,83.1,104,-0.5,8,1,4,2,15
3-Nitrosobenzamide,150.13,72.5,170,0,11,1,3,1,8
3-Phenyl-2-propyn-1-amine,131.17,26,143,1.2,10,1,1,1,7
3-Phosphonopropionic acid,154.06,94.8,146,-2.1,9,3,5,3,11
"3-Tropanyl-3,5-dichlorobenzoate",314.2,29.5,355,4.2,20,0,3,3,9
Pleconaril,381.3,74.2,471,4.6,27,0,9,6,13
4'-Chlorodiazepam,319.2,32.7,432,3.8,21,0,2,1,13
Triferric doxorubicin,543.5,206,977,1.3,39,6,12,5,13
4-Trimethylsilylphenylboronic acid,194.11,40.5,160,,13,2,2,2,5
K201 Free base,424.6,58.1,531,4.1,30,0,4,6,10
"4-Amino-1,8-naphthalimide",212.2,72.2,342,1.3,16,2,3,0,12
4-Aminobenzamidine,135.17,75.9,125,-0.5,10,3,2,1,11
4-Aminobutylphosphonic acid,153.12,83.6,110,-4.1,9,3,4,4,5
4-Aminopyridine,94.11,38.9,48,0.3,7,1,2,0,16
4-Chloromercuribenzoic acid,357.16,37.3,143,,11,1,2,1,11
4-Chlororesorcinol,144.55,40.5,97.1,2.1,9,2,2,0,9
4-Chloro-3-methylphenol,142.58,20.2,94.9,3.1,9,1,1,0,17
Homovanillic acid,182.17,66.8,181,0.4,13,2,4,3,12
4-Hydroxybenzohydrazide,152.15,75.4,141,-0.3,11,3,3,1,10
Imidazole-4-methanol,98.1,48.9,57.7,-0.8,7,2,2,1,10
5-(2-Aminoethyl)-2-methoxyphenol,167.2,55.5,130,0.2,12,2,3,3,10
4-Nonylphenol,220.35,20.2,148,5.9,16,1,1,8,15
4-Oxatetradecanoic acid,230.34,46.5,157,4.1,16,1,3,12,6
4-Oxosebacic acid,216.23,91.7,234,0.1,15,2,5,9,6
5'-(N-Cyclopropyl)carboxamidoadenosine,320.3,148,477,-0.5,23,4,8,3,10
"5-Hydroxyicosa-6,8,11,14-tetraenoic acid",320.5,57.5,392,5.2,23,2,3,14,5
Phenytoin,252.27,58.2,350,2.5,19,2,2,2,16
"5,7-Dichlorokynurenic acid",258.05,66.4,369,2.5,16,2,4,1,10
"5-(4-Methoxyphenyl)pyrrolo[2,1-d][1,5]benzothiazepin-4-ol acetate",363.4,65.8,556,4.1,26,0,4,4,9
"5-(4-Methoxyphenyl)pyrrolo[2,1-d][1,5]benzothiazepin-4-ol N,N-dimethylcarbamate",392.5,69,601,4.1,28,0,4,4,7
5-(Dimethylamino)naphthalene-1-sulfonic acid,251.3,66,360,2.2,17,1,4,2,8
5-Dimethylamiloride,257.68,137,317,0.1,17,3,5,2,10
"5-(N,N-Hexamethylene)amiloride",311.77,137,393,1.3,21,3,5,2,12
Ethylisopropylamiloride,299.76,137,372,1.3,20,3,5,4,10
5-Amino-1-phenyl-1H-pyrazole-4-carboxamide,202.21,86.9,240,1,15,2,3,2,7
"[5-(5-Bromo-2,4-dioxo-3,4-dihydropyrimidin-1(2H)-yl)-3-hydroxytetrahydrofuran-2-yl]methyl dihydrogen phosphate",387.08,146,534,-1.9,21,4,8,4,
"5-Bromo-5-nitro-1,3-dioxane",212,64.3,139,0.3,10,0,4,0,9
5-Bromonicotinamide,201.02,56,140,0.4,10,1,2,1,9
5-Fluoroindole-2-carboxylic acid,179.15,53.1,222,2.4,13,2,3,1,10
"N,N-Dimethyl-5-methoxytryptamine",218.29,28.3,220,1.5,16,1,2,4,14
5-Methoxytryptamine,190.24,51,186,0.5,14,2,2,3,14
"Indole, 3-(2-(dimethylamino)ethyl)-5-methyl-",202.3,19,203,2.4,15,1,1,3,7
6(5H)-Phenanthridinone,195.22,29.1,263,2.5,15,1,1,0,12
6-Chloromelatonin,266.72,54.1,301,2.2,18,2,2,4,10
6-Hydroxymelatonin,248.28,74.4,298,1.2,18,3,3,4,12
"6-Methoxy-2,3,4,9-tetrahydro-1H-pyrido[3,4-b]indole",202.25,37,234,1.5,15,2,2,1,10
"7,8-Dihydroxyflavone",254.24,66.8,384,3.3,19,2,4,1,12
7-(2-Chloroethyl)theophylline,242.66,58.4,325,0.1,16,0,3,2,9
7-Amino-3-methyl-8-oxo-5-thia-1-azabicyclo[4.2.0]oct-2-ene-2-carboxylic acid,214.24,109,353,-3.1,14,2,5,1,6
7-Chlorokynurenic acid,223.61,66.4,340,1.9,15,2,4,1,11
7-Hydroxyflavanone,240.25,46.5,309,2.5,18,1,3,1,10
Etofylline,224.22,78.7,322,-1.2,16,1,4,2,12
7-Nitroindazole,163.13,74.5,192,1.8,12,1,3,0,13
8-Hydroxyquinoline,145.16,33.1,138,2,11,1,2,0,16
9-(Tetrahydro-2h-pyran-2-yl)-9h-purin-6-amine,219.24,78.8,251,0.8,16,1,5,1,5
Tacrine,198.26,38.9,229,2.7,15,1,2,0,15
Calcium ionophore A23187,523.6,127,873,5.9,38,3,8,7,7
alpha-Hydroxytriazolam,359.2,63.3,491,1.2,24,1,4,2,9
Docebenone,326.4,54.4,692,3.9,24,1,3,6,11
"3-(4-Amino-3,5-dihydroxy-6-methyloxan-2-yl)oxy-19,25,27,30,31,33,35,37-octahydroxy-18,20,21-trimethyl-23-oxo-22,39-dioxabicyclo[33.3.1]nonatriaconta-4,6,8,10,12,14,16-heptaene-38-carboxylic acid",924.1,320,1670,0,65,12,18,3,14
2-[[1-Oxo-3-(4-pentylphenyl)prop-2-enyl]amino]benzoic acid,337.4,66.4,452,6.4,25,2,3,8,5
Acebutolol,336.4,87.7,401,1.7,24,3,5,10,14
Acemetacin,415.8,94.8,620,4.2,29,1,6,7,14
Acephate,183.17,80.7,172,-0.8,10,1,4,3,15
Acetaminophen,151.16,49.3,139,0.5,11,2,2,1,16
Acetaminosalol,271.27,75.6,350,2.6,20,2,4,4,10
Acetarsol,275.09,107,289,,15,4,5,2,13
Acetazolamide,222.3,152,297,-0.3,13,2,7,2,16
Acetochlor,269.77,29.5,260,3.2,18,0,2,6,15
Acetohydroxamic acid,75.07,49.3,42.9,-1.6,5,2,2,0,14
Acetylleucine,173.21,66.4,177,0.5,12,2,3,4,10
N-Acetyl-DL-tryptophan,246.26,82.2,332,1.1,18,3,3,4,9
6-Acetamidohexanoic acid,173.21,66.4,156,0.1,12,2,3,6,10
Antibiotic MA 144A1,811.9,217,1530,3.8,58,4,16,10,7
AcPyAD,663.4,292,1130,-5.1,44,7,18,11,5
Aconitin cristallisat,645.7,153,1210,0.3,46,3,12,11,8
Acridone,195.22,29.1,239,3,15,1,2,0,10
Ethacridine,253.3,74.2,312,2.5,19,2,4,2,12
Actinomycin D,1255.4,356,3030,3.8,90,5,18,8,15
"Adenosine 2',3'-cyclic phosphate",329.21,155,498,-2.6,22,3,10,2,7
2-(4-Nitrobenzylidene)malononitrile,199.17,93.4,351,1.8,15,0,4,1,6
Tyrphostin AG 126,215.16,114,388,2,16,1,5,1,10
"N-(3-Chlorophenyl)-6,7-dimethoxyquinazolin-4-amine",315.75,56.3,360,4,22,1,5,4,12
Tyrphostin A23,186.17,88,313,1.3,14,2,4,1,10
(+)-Tyrphostin B44,308.3,93.4,488,2.7,23,3,4,4,4
Tyrphostin A1,184.19,56.8,289,2,14,0,3,2,10
5-Aminoisoquinolin-1(2H)-one,160.17,55.1,225,0.7,12,2,2,0,9
Aklomide,200.58,88.9,228,1.4,13,1,3,1,11
Alachlor,269.77,29.5,248,3.5,18,0,2,6,15
Albendazole,265.33,92.3,291,2.9,18,2,4,5,17
Salbutamol,239.31,72.7,227,0.3,17,4,4,5,14
Carbamyl,190.27,76,180,1.1,12,1,4,4,14
Aldrin,364.9,0,481,4.5,18,0,0,0,15
Alendronic acid,249.1,161,257,-6.5,14,6,8,5,15
Alexidine,508.8,178,601,4.3,36,6,4,23,9
"(1R,3S,5Z)-5-[(2E)-2-[(1R,3As,7aR)-7a-methyl-1-[(2R)-6-methylheptan-2-yl]-2,3,3a,5,6,7-hexahydro-1H-inden-4-ylidene]ethylidene]-4-methylidenecyclohexane-1,3-diol",400.6,40.5,643,6.8,29,2,2,6,8
Alfuzosin,389.4,112,511,1.7,28,2,8,8,16
Amanitin,919,400,1840,-4.4,64,13,15,7,11
2-Cyano-3-(3-hydroxyphenyl)acrylic Acid,189.17,81.3,300,1.4,14,2,4,2,5
alpha-Cyano-4-hydroxycinnamate,189.17,81.3,292,1.4,14,2,4,2,7
alpha-Methyl-m-tyrosine,195.21,83.6,219,-1.6,14,3,4,3,7
Sodium naphthyl hydrogen phosphate,246.13,69.6,274,,16,1,4,2,6
1-Naphthyl phosphate,224.15,66.8,262,2,15,2,4,2,6
DL-alpha-Tocopherol,430.7,29.5,503,10.7,31,1,2,12,14
Vitamin E acetate,472.7,35.5,602,10.8,34,0,3,14,10
Alprazolam,308.8,43.1,434,2.1,22,0,3,1,16
Alrestatin,255.22,74.7,403,1.7,19,1,4,2,12
Altretamine,210.28,48.4,148,2.7,15,0,6,3,16
Aluminum fluoride,83.976,0,8,,4,0,3,0,12
"1-(2,4-Dichlorophenyl)-5-(4-iodophenyl)-4-methyl-N-(piperidin-1-yl)-1H-pyrazole-3-carboxamide",555.2,50.2,586,6.5,30,1,3,4,10
Amantadine,151.25,26,144,2.4,11,1,1,0,15
Ambroxol,378.1,58.3,259,2.6,18,3,3,3,14
Diatrizoic acid,613.91,95.5,391,1.8,20,3,4,3,14
Amifostine,214.23,121,152,-4.5,12,4,6,7,15
Aminoglutethimide,232.28,72.2,321,1.2,17,2,3,2,16
Aminohippuric acid,194.19,92.4,222,-0.9,14,3,4,3,15
4-Amino-3-hydroxybutyric acid,119.12,83.6,83.4,-4.1,8,3,4,3,8
4-Aminoantipyrine,203.24,49.6,305,0.1,15,1,3,1,13
Theophylline,180.16,69.3,267,0,13,1,3,0,16
Aminopterine,440.4,219,674,-2,32,6,12,9,13
2-Aminothiazole,100.14,67.2,48.1,0.4,6,1,3,0,12
Amiodarone,645.3,42.7,547,7.6,31,0,4,11,15
"1-[6-[3-(Dimethylamino)propoxy]-2,2-dimethyl-3a,5,6,6a-tetrahydrofuro[2,3-d][1,3]dioxol-5-yl]ethane-1,2-diol",305.37,80.6,337,-0.6,21,2,7,7,3
Amisulpride,369.5,110,549,1.5,25,2,6,7,15
Amitriptyline,277.4,3.2,331,5,21,0,1,3,16
Amlexanox,298.29,103,467,3.1,22,2,6,2,15
Amlodipine,408.9,99.9,647,3,28,2,7,10,15
Amobarbital,226.27,75.3,303,2.1,16,2,3,4,15
Amodiaquine,355.9,48.4,406,2.6,25,2,4,6,15
Amoxapine,313.8,36.9,424,2.6,22,1,3,1,15
Ampiroxicam,447.5,133,808,4,31,1,9,8,12
D-Amygdalin,457.4,202,638,-2.7,32,7,12,7,12
Anabasine,162.23,24.9,136,1,12,1,2,1,14
Anastrozole,293.4,78.3,456,2.1,22,0,4,4,15
Anethole trithione,240.4,91.9,254,2.8,14,0,4,2,14
Aniracetam,219.24,46.6,282,1.6,16,0,3,2,13
Anisindione,252.26,43.4,344,2.9,19,0,3,2,14
6-Hydroxy-8-methyl-8-azabicyclo[3.2.1]octan-3-yl 3-hydroxy-2-phenylpropanoate,305.4,70,396,0.9,22,2,5,5,8
Antazoline,265.35,27.6,314,2.6,20,1,2,5,15
9-Anthracenecarboxylic acid,222.24,37.3,277,3.8,17,1,2,1,13
Anthralin,226.23,57.5,287,3.2,17,2,3,0,14
Antipain (dihydrochloride),604.7,283,975,-2.7,43,9,8,19,8
Antipyrine,188.23,23.6,267,0.4,14,0,2,1,14
2-Amino-4-phosphonobutyric acid,183.1,121,187,-5.5,11,4,6,4,11
Acetovanillone,166.17,46.5,167,0.5,12,1,3,2,14
Apraclonidine,245.11,62.4,247,1.3,15,3,2,2,14
"1-[2-[(3-Methyl-1,2,3,4-tetrahydroquinoline-8-yl)sulfonylamino]-5-guanidinopentanoyl]-4-methylpiperidine-2-carboxylic acid",508.6,189,887,1.3,35,5,8,9,10
Aristolochic acid,341.27,111,550,3.6,25,1,7,2,12
Arteannuin,282.33,54,452,2.8,20,0,5,0,12
"Ascomycin (Immunomycin,FK-520)",792,178,1430,2.5,56,3,12,6,4
Aspirin,180.16,63.6,212,1.2,13,1,4,3,15
"6-[[2-[[2-Amino-4-(methylamino)-4-oxobutanoyl]amino]-2-(4-hydroxyphenyl)acetyl]amino]-3,3-dimethyl-7-oxo-4-thia-1-azabicyclo[3.2.0]heptane-2-carboxylic acid",493.5,217,861,-3.4,34,6,9,8,5
Astemizole,458.6,42.3,599,6,34,1,5,8,17
Atenolol,266.34,84.6,263,0.2,19,3,4,8,16
Atrazine,215.68,62.7,166,2.6,14,2,5,4,16
Aurintricarboxylic acid,422.3,169,841,4.3,31,5,9,5,13
Azathioprine,277.27,143,354,0.1,19,1,7,2,16
Azelaic acid,188.22,74.6,147,1.6,13,2,4,8,16
Azelastine,381.9,35.9,558,4.4,27,0,3,3,16
Azinphos-methyl,317.3,121,413,2.8,19,0,7,5,15
"2-Ethyl-3,4,10-trihydroxy-3,5,6,8,10,12,14-heptamethyl-15-oxo-11-{[3,4,6-trideoxy-3-(dimethylamino)hexopyranosyl]oxy}-1-oxa-6-azacyclopentadecan-13-yl 2,6-dideoxy-3-C-methyl-3-O-methylhexopyranoside",749,180,1150,4,52,5,14,7,11
Azobenzene,182.22,24.7,157,3.8,14,0,2,2,15
"2-[[1-(2-Amino-1,3-thiazol-4-yl)-2-[(2-methyl-4-oxo-1-sulfoazetidin-3-yl)amino]-2-oxoethylidene]amino]oxy-2-methylpropanoic acid",435.4,238,808,0.3,28,4,12,7,11
beta-Amanitin,920,394,1840,-3.8,64,13,16,7,12
Baclofen,213.66,63.3,191,-1,14,2,3,4,15
Bisphenol A diglycidyl ether,340.4,43.5,384,4,25,0,4,8,13
"16-[4-(2,4-Dihydroxy-5-methyl-6-propan-2-yloxan-2-yl)-3-hydroxypentan-2-yl]-8-hydroxy-3,15-dimethoxy-5,7,9,11-tetramethyl-1-oxacyclohexadeca-3,5,11,13-tetraen-2-one",622.8,135,1060,6,44,4,9,7,5
Bapta-AM,764.7,235,1100,3.4,54,0,20,31,8
Barbital,184.19,75.3,247,0.6,13,2,3,2,14
"Methyl 2,6-dimethyl-5-nitro-4-[2-(trifluoromethyl)phenyl]-1,4-dihydropyridine-3-carboxylate",356.3,84.2,634,3.4,25,1,8,3,10
Beconase AQ,521,107,1050,3,36,1,7,8,10
Bemegride,155.19,46.2,182,0.7,11,1,2,1,11
Bencyclane,289.5,12.5,263,4.6,21,0,2,7,9
Bendazac,282.29,64.4,357,3.1,21,1,4,5,12
Bendiocarb,223.22,56.8,279,1.7,16,1,4,2,15
Bendroflumethiazide,421.4,135,740,1.2,27,3,10,3,16
Benfluralin,335.28,94.9,398,5.3,23,0,8,5,14
Bentazone,240.28,74.9,385,2.8,16,1,4,1,15
Benzamide,121.14,43.1,106,0.6,9,1,1,1,14
Benzamidine,120.15,49.9,104,0.7,9,2,1,1,12
Benzbromarone,424.1,50.4,405,5.7,22,1,3,3,15
Mellitic acid,342.17,224,470,-0.9,24,6,12,6,11
Benzethonium,412.6,18.5,466,6.7,30,0,2,12,13
Benzo[a]pyrene,252.3,0,372,6,20,0,0,0,16
Benzocaine,165.19,52.3,151,1.9,12,1,3,3,16
Benzoyl ecgonine,289.33,66.8,419,-0.3,21,1,5,4,6
Benzthiazide,431.9,161,739,1.7,26,2,7,5,15
Benzyl benzoate,212.24,26.3,213,4,16,0,2,4,17
Benzyl isothiocyanate,149.21,44.4,132,3.2,10,0,2,2,15
Benzyl butyl phthalate,312.4,52.6,374,4.9,23,0,4,9,15
Pentids,334.4,112,530,1.8,23,2,5,4,13
Diminazene,281.32,137,390,1.9,21,5,5,5,12
Bergapten,216.19,48.7,325,2.3,16,0,4,1,15
Benzo[B]thiophene-2-boronic acid,178.02,68.7,165,,12,2,3,1,10
beta-Naphthoflavone,272.3,26.3,433,4.4,21,0,2,1,13
beta-Propiolactone,72.06,26.3,57.9,-0.2,5,0,2,0,16
Betahistine,136.19,24.9,83.3,0.4,10,1,2,3,13
Betaxolol,307.4,50.7,286,2.8,22,2,4,11,14
"2,5-Di-tert-butylhydroquinone",222.32,40.5,208,4.6,16,2,2,2,14
Bicalutamide,430.4,116,750,2.3,29,2,9,5,16
Bifemelane,269.4,21.3,238,4.1,20,1,2,8,11
Bifonazole,310.4,17.8,362,4.8,24,0,1,4,15
Biperiden,311.5,23.5,422,4.3,23,1,2,5,16
Bis(2-Methoxyethyl)amine,133.19,30.5,44.3,-0.5,9,1,3,6,7
Bisacodyl,361.4,65.5,457,3.8,27,0,5,7,15
Bisindolylmaleimide i,412.5,70.1,748,3.1,31,2,3,6,10
Bisoprolol,325.4,60,278,1.9,23,2,5,12,16
Bithionol,356,65.8,282,5.8,19,2,3,2,15
"12,15-Dihydroxy-7-methyl-8-oxabicyclo[11.3.0]hexadeca-2,10-dien-9-one",280.36,66.8,388,2,20,2,4,0,7
C338H529N97O105S11,895.1,156,1940,3.7,64,1,14,3,4
Brimonidine,292.13,62.2,308,0.6,17,2,3,2,15
Bromazepam,316.15,54.4,385,1.7,19,1,3,1,12
Bromhexine,376.13,29.3,256,4.3,18,1,2,3,14
Bromopride,344.25,67.6,300,2.8,20,2,4,7,14
Bromisoval,223.07,72.2,170,1.1,11,2,2,2,13
Bromperidol,420.3,40.5,451,3.3,26,1,4,6,14
Seratrodast,354.4,71.4,633,4.4,26,1,4,8,12
Bronopol,199.99,86.3,107,-0.6,9,2,4,2,16
Brotizolam,393.7,71.3,465,2.8,22,0,4,1,14
Broxyquinoline,302.95,33.1,191,3.2,13,1,2,0,13
"N-[4-[3,5-Bis(trifluoromethyl)pyrazol-1-yl]phenyl]-4-methylthiadiazole-5-carboxamide",421.3,101,568,3.8,28,1,11,3,9
4-Methyl-N-phenylbenzenesulfonamide,247.31,54.6,320,2.9,17,1,3,3,9
Rhinocort,430.5,93.1,862,2.5,31,2,6,4,12
"3-beta,14-Dihydroxy-5-beta-bufa-20,22-dienolide",386.5,66.8,741,3.2,28,2,4,1,7
Bufexamac,223.27,58.6,200,1.9,16,2,3,6,14
Bumetanide,364.4,127,528,2.8,25,3,7,8,15
Bupivacaine,288.4,32.299,321,3.4,21,1,2,5,13
Buspirone,385.5,69.6,529,2.6,28,0,6,6,14
Busulfan,246.3,104,294,-0.5,14,0,6,7,16
Butabarbital,212.25,75.3,292,1.6,15,2,3,3,14
Butalbital,224.26,75.3,327,1.7,16,2,3,4,14
Butyl 4-aminobenzoate,193.24,52.3,174,2.9,14,1,3,5,15
"N-(1,3-Dihydroxyoctadec-4-en-2-yl)hexadecanamide",537.9,69.6,508,12.9,38,3,3,30,5
Cacodylic acid,138,37.3,62,,5,1,2,0,16
Cadmium(II) acetate,232.52,74.6,78.6,,9,2,4,0,7
Caffeine,194.19,58.4,293,-0.1,14,0,3,0,17
Verapamil,454.6,64,606,3.8,33,0,6,13,16
"5-[2-[1-(5-Cyclopropyl-5-hydroxypent-3-en-2-yl)-7a-methyl-2,3,3a,5,6,7-hexahydro-1H-inden-4-ylidene]ethylidene]-4-methylenecyclohexane-1,3-diol",412.6,60.7,743,4.3,30,3,3,5,6
"1,25-Dihydroxyvitamin D3",416.6,60.7,688,5.1,30,3,3,6,11
Calmagite,358.4,128,590,3.4,25,3,7,3,8
"[2-(14-Cyano-3,5-dihydroxy-1-methoxy-4,6,8,9,13-pentamethyltetradeca-7,9,11,13-tetraenyl)-9-[3-[2-[4-[[4-(dimethylamino)-2,3-dihydroxy-5-methoxypentanoyl]amino]butan-2-yl]-1,3-oxazol-4-yl]prop-2-enyl]-7-hydroxy-4,4,8-trimethyl-1,10-dioxaspiro[4.5]decan-3-yl] dihydrogen phosphate",1009.2,287,1930,1.8,70,8,18,26,3
Camphor,152.23,17.1,217,2.2,11,0,1,0,16
Candesartan cilexetil,610.7,143,962,7,45,1,10,13,14
Candesartan,440.5,119,660,4.1,33,2,7,7,15
Cannabinol,310.4,29.5,391,6.1,23,1,2,4,14
Cantharidic acid,214.21,83.8,307,0.3,15,2,5,2,9
"5-[5-Hydroxy-4-(3-hydroxyoct-1-enyl)-3,3a,4,5,6,6a-hexahydro-1H-pentalen-2-ylidene]pentanoic acid",350.5,77.8,482,3.2,25,3,4,10,6
Carbamazepine,236.27,46.3,326,2.5,18,1,1,0,16
"Carbamazepine-10,11-epoxide",252.27,58.9,358,1.3,19,1,2,0,12
Carbofuran,221.25,47.6,277,2.3,16,1,3,2,15
"1,1-Cyclobutanedicarboxylic acid",144.12,74.6,164,0.4,10,2,4,2,9
Carisoprodol,260.329,90.6,281,1.9,18,2,4,9,16
Carmofur,257.26,78.5,382,2.6,18,2,4,5,14
Carmustine,214.05,61.8,156,1.5,12,1,3,4,14
Carprofen,273.71,53.1,362,4,19,2,2,2,14
Carvedilol,406.5,75.7,508,4.2,30,3,5,10,16
(3-Chlorophenyl)hydrazonomalononitrile,204.61,72,300,3.4,14,1,4,2,13
"7-[[2-(2-Amino-1,3-thiazol-4-yl)-2-methoxyiminoacetyl]amino]-3-[(1-methylpyrrolidin-1-ium-1-yl)methyl]-8-oxo-5-thia-1-azabicyclo[4.2.0]oct-2-ene-2-carboxylate",480.6,204,869,-0.1,32,2,10,6,6
"7-[[2-(2-Amino-1,3-thiazol-4-yl)-2-methoxyiminoacetyl]amino]-3-[[5-(carboxymethyl)-4-methyl-1,3-thiazol-2-yl]sulfanylmethyl]-8-oxo-5-thia-1-azabicyclo[4.2.0]oct-2-ene-2-carboxylic acid",584.7,305,1030,0.2,37,4,15,10,5
3-(Acetyloxymethyl)-7-[[2-(2-amino-4-thiazolyl)-2-methoxyimino-1-oxoethyl]amino]-8-oxo-5-thia-1-azabicyclo[4.2.0]oct-2-ene-2-carboxylic acid,455.5,227,833,-1.4,30,3,12,8,7
"7-[[2-(5-Amino-1,2,4-thiadiazol-3-yl)-2-methoxyiminoacetyl]amino]-3-(imidazo[1,2-b]pyridazin-1-ium-1-ylmethyl)-8-oxo-5-thia-1-azabicyclo[4.2.0]oct-2-ene-2-carboxylate",515.5,238,960,0.7,35,2,12,6,6
"1-Propan-2-yloxycarbonyloxyethyl (6R,7R)-7-[[(2Z)-2-(2-amino-1,3-thiazol-4-yl)-2-methoxyiminoacetyl]amino]-3-(methoxymethyl)-8-oxo-5-thia-1-azabicyclo[4.2.0]oct-2-ene-2-carboxylate",557.6,235,976,0.6,37,2,14,13,10
Ceftazidim,546.6,245,1020,0.4,37,3,12,8,8
"7-[[2-(2-Amino-1,3-thiazol-4-yl)-2-methoxyiminoacetyl]amino]-8-oxo-5-thia-1-azabicyclo[4.2.0]oct-2-ene-2-carboxylic acid",383.4,201,669,0,25,3,10,5,7
"(6R,7R)-7-[[(2Z)-2-(2-Amino-1,3-thiazol-4-yl)-2-methoxyiminoacetyl]amino]-3-[(2-methyl-5,6-dioxo-1H-1,2,4-triazin-3-yl)sulfanylmethyl]-8-oxo-5-thia-1-azabicyclo[4.2.0]oct-2-ene-2-carboxylic acid",554.6,288,1110,-1.3,36,4,13,8,7
Cefuroxim,424.4,199,798,-0.2,29,3,10,8,10
Celecoxib,381.4,86.4,577,3.4,26,1,7,3,16
"7-[[2-(2-Amino-1,3-thiazol-4-yl)-2-(carboxymethoxyimino)acetyl]amino]-3-ethenyl-8-oxo-5-thia-1-azabicyclo[4.2.0]oct-2-ene-2-carboxylic acid",453.5,238,861,-0.7,30,4,12,8,7
Cetirizine,388.9,53,443,1.7,27,1,5,8,16
1-Hexadecanol,242.44,20.2,123,7.3,17,1,1,14,15
Cevimeline,199.32,37.8,215,1.5,13,0,3,0,14
"7-Chloro-5-(2-chlorophenyl)-1,5-dihydro-4,1-benzothiazepin-2(3H)-one",324.2,54.4,368,4.3,20,1,2,1,8
"3-(Hydroxymethyl)-10b-(3-{[4-(hydroxymethyl)-5,7-dimethyl-6,8-dioxo-2,3-dithia-5,7-diazabicyclo[2.2.2]oct-1-yl]methyl}-1h-indol-1-yl)-2-methyl-2,3,5a,6,10b,11-hexahydro-3,11a-epidithiopyrazino[1',2':1,5]pyrrolo[2,3-b]indole-1,4-dione",710.9,240,1460,1.9,47,3,11,5,8
Chelerythrine,348.4,40.8,516,4.6,26,0,4,2,10
Chloral hydrate,165.4,40.5,56.4,1,7,2,2,0,16
Chlorambucil,304.2,40.5,250,1.7,19,1,3,9,16
Chlordiazepoxide,299.75,48.2,580,2.4,21,1,3,1,16
Chlormezanone,273.74,62.8,395,1.1,17,0,3,1,15
Chloroquine,319.9,28.2,309,4.6,22,1,3,8,16
Chlorothiazide,295.7,135,532,-0.2,17,2,6,1,16
Chloroxine,214.04,33.1,191,3.5,13,1,2,0,14
Chloroxylenol,156.61,20.2,104,2,10,1,1,0,16
Chlorpheniramine,274.79,16.1,249,3.4,19,0,2,5,16
Chlorpromazine,318.9,31.8,339,5.2,21,0,3,4,17
Chlorpropamide,276.74,83.6,345,2.3,17,2,3,4,16
Chlorpropham,213.66,38.3,197,3.5,14,1,2,3,15
Tardan,315.9,28.5,381,5.2,21,0,2,3,13
Chlorpyrifos,350.6,72.7,303,5.3,18,0,5,6,15
Chlorthalidone,338.8,118,564,0.9,22,3,5,2,16
Chlorzoxazone,169.56,38.3,185,1.8,11,1,2,0,15
6-Hydroxychlorzoxazone,185.56,58.6,211,1.4,12,2,3,0,10
Chromocarb,190.15,63.6,305,1.6,14,1,4,1,11
Chrysanthemic acid,168.23,37.3,234,3.4,12,1,2,2,9
Tacedinaline,269.3,84.2,351,1.3,20,3,3,3,12
Cibenzoline,262.3,24.4,357,2.7,20,1,1,3,13
Ciclopirox,207.27,40.5,325,2,15,1,2,1,14
Ciglitazone,333.4,80.7,440,4.8,23,1,4,5,11
Cilostazol,369.5,81.9,485,3.1,27,1,5,7,15
Cimaterol,219.28,82.1,258,1.7,16,3,4,4,11
Cimetidine,252.34,114,296,0.4,17,3,4,7,16
Cinchonidine,294.4,36.4,412,2.7,22,1,3,3,12
Eucalyptol,154.25,9.2,164,2.5,11,0,1,0,15
Cinoxacin,262.22,88.4,449,2.1,19,1,7,2,14
Ciprofibrate,289.15,46.5,333,3.4,18,1,3,4,13
Ciprofloxacin,331.34,72.9,571,-1.1,24,2,7,3,16
Platinum(II) chloride,266,0,2.8,,3,0,0,0,11
Citalopram,324.4,36.3,466,3.2,24,0,4,5,15
Citropten,206.19,44.8,274,1.9,15,0,4,2,12
N-[4-(Morpholin-4-yl)butyl]-1-benzofuran-2-carboxamide,302.37,54.7,358,2.5,22,1,4,6,9
"1-(1-Hydroxy-2-methylpropyl)-4-methyl-6-oxa-2-azabicyclo[3.2.0]heptane-3,7-dione",213.23,75.6,327,0.7,15,2,4,2,6
Clebopride,373.9,67.6,450,3.2,26,2,4,5,13
"N-{2-Chloro-1-[3,4,5-trihydroxy-6-(methylsulfanyl)oxan-2-yl]propyl}-1-methyl-4-propylpyrrolidine-2-carboxamide",425,128,502,2.2,27,4,7,7,14
Clioquinol,305.5,33.1,193,3.5,13,1,2,0,15
Clobazam,300.74,40.6,423,2.1,21,0,2,1,13
Chlophedianol,289.8,23.5,291,3.6,20,1,2,5,14
Clofibrate,242.7,35.5,232,3.3,16,0,3,5,16
Clofibric acid,214.64,46.5,207,2.6,14,1,3,3,13
Clofoctol,365.3,20.2,401,8.1,24,1,1,5,13
Clomipramine,314.9,6.5,346,5.2,22,0,2,4,16
Clonazepam,315.71,87.3,491,2.4,22,1,4,1,16
Clonidine,230.09,36.4,222,1.6,14,2,1,2,16
Aquex,345.8,101,498,2.3,22,2,5,3,10
D-Cloprostenol,424.9,107,551,2.7,29,4,6,11,5
Clorazepate,314.72,78.8,488,3.3,22,2,4,2,13
Clorprenaline,213.7,32.299,163,2.1,14,2,2,4,10
Clotrimazole,344.8,17.8,396,5,25,0,1,4,15
Cloxazolam,349.2,41.6,478,3.2,23,1,3,1,14
5-Chloro-8-hydroxyquinoline,179.6,33.1,165,2.9,12,1,2,0,13
Pseudococaine,303.35,55.8,432,2.3,22,0,5,5,14
"Morphinan-6-ol, 7,8-didehydro-4,5-epoxy-3-methoxy-17-methyl-, (5alpha,6alpha)-",299.4,41.9,509,1.1,22,1,4,1,7
"N-(1,2,3,10-Tetramethoxy-9-oxo-5,6,7,9-tetrahydrobenzo[a]heptalen-7-yl)acetamide",399.4,83.1,740,1,29,1,6,5,15
2-(2-Hydroxyethylamino)-6-(3-chloroanilino)-9-isopropylpurine,346.81,87.9,401,2.9,24,3,6,6,9
Conduritol epoxide,162.14,93.4,154,-2.7,11,4,5,0,8
Coumaphos,362.8,86.1,500,4.5,22,0,6,6,17
2-Amino-2-cyclopropyl-2-(4-phosphonophenyl)acetic acid,271.21,121,383,-3.1,18,4,6,4,7
P-Cresol,108.14,20.2,62.8,1.9,8,1,1,0,17
"17-(2,6-Dihydroxy-6-methyl-3-oxohept-4-en-2-yl)-2,16-dihydroxy-4,4,9,13,14-pentamethyl-2,7,8,10,12,15,16,17-octahydro-1H-cyclopenta[a]phenanthrene-3,11-dione",516.7,132,1100,2.1,37,4,7,4,2
"1,6-Heptadiene-3,5-dione, 1,7-bis(4-hydroxy-3-methoxyphenyl)-",368.4,93.1,507,3.2,27,2,6,8,6
Cyclandelate,276.4,46.5,331,4.2,20,1,3,4,15
Cyclobenzaprine,275.4,3.2,365,5.2,21,0,1,3,14
Cyclocreatine,143.14,78.9,178,-1.6,10,2,3,2,10
Cyclododecylamine,183.33,26,99.7,3.5,13,1,1,0,8
Cyclofenil,364.4,52.6,503,5.5,27,0,4,6,13
Cycloheptylamine,113.2,26,53.4,2,8,1,1,0,10
Cycloleucine,129.16,63.3,127,-2.6,9,2,3,1,13
Cyclooctanamine,127.23,26,63,1.3,9,1,1,0,9
Cyclopentolate,291.4,49.8,331,2.7,21,1,4,7,13
Cyclopentylamine,85.15,26,37.2,0.6,6,1,1,0,10
Cyclophosphamide,261.079,41.6,212,0.6,14,1,4,5,16
Cyclothiazide,389.9,135,758,2,24,3,7,2,14
Cypermethrin,416.3,59.3,643,6,28,0,4,7,17
"2H-Oxacyclotetradecino[2,3-d]isoindole-2,18(5H)-dione, 6,7,8,9,10,12a,13,14,15,15a,16,17-dodecahydro-5,13-dihydroxy-9,15-dimethyl-14-methylene-16-(phenylmethyl)-, (3E,5R,9R,11E,12aS,13S,15S,15aS,16S,18aS)-",479.6,95.9,859,3.4,35,3,5,2,9
"19-Benzyl-7-hydroxy-7,9,16,17-tetramethyl-2,4,15-trioxa-20-azatetracyclo[11.8.0.01,18.014,16]henicosa-5,11-diene-3,8,21-trione",495.6,115,986,3.5,36,2,7,2,10
"(16-Benzyl-5,12-dihydroxy-5,7,14-trimethyl-13-methylidene-18-oxo-17-azatricyclo[9.7.0.01,15]octadeca-3,9-dien-2-yl) acetate",493.6,95.9,920,3.4,36,3,5,4,7
CID 2926,507.6,113,1020,2.2,37,3,6,4,4
2-Amino-6-phosphonohexanoic acid,211.15,121,213,-3.9,13,4,6,6,8
Tricyclo-decan-9-yl-xanthogenate (racemate),228.4,42.3,266,4.1,14,1,3,2,6
Dacarbazine,182.18,99.7,215,-0.6,13,2,5,3,14
Damnacanthal,282.25,80.7,460,2.5,21,1,5,2,9
Danthron,240.21,74.6,346,3.2,18,2,4,0,15
Dapsone,248.3,94.6,306,1,17,2,4,2,16
"9-(2,2-Dicyanovinyl)julolidine",249.31,50.8,437,2.9,19,0,3,1,6
Decanoic acid,172.26,37.3,110,4.1,12,1,2,8,17
Decylubiquinone,322.4,52.6,486,6,23,0,4,11,10
Deferiprone,139.15,40.5,228,0.5,10,1,3,0,15
Deferoxamine,560.7,206,739,-2.1,39,6,9,23,14
Butox,505.2,59.3,643,6.2,28,0,4,7,12
"Cholan-24-oic acid, 3,12-dihydroxy-, (3alpha,5beta,12alpha)-",392.6,77.8,605,4.9,28,3,4,4,6
Desipramine,266.4,15.3,267,4.9,20,1,2,4,16
Nordazepam,270.71,41.5,376,2.9,19,1,2,1,15
Nonivamide,293.4,58.6,283,4.2,21,2,3,10,15
"[2-(9-Fluoro-11,17-dihydroxy-10,13,16-trimethyl-3-oxo-6,7,8,11,12,14,15,16-octahydrocyclopenta[a]phenanthren-17-yl)-2-oxoethyl] hexadecanoate",630.9,101,1130,9.8,45,2,7,18,3
Amphetamine,135.21,26,84.7,1.8,10,1,1,2,15
6-(N-Decylamino)-4-hydroxymethylindole,302.5,48,285,5.6,22,3,2,11,5
"15-Acetyl-9-chloro-15-hydroxy-2,16-dimethylpentacyclo[9.7.0.02,8.03,5.012,16]octadeca-7,9-dien-6-one",374.9,54.4,797,3.1,26,1,3,1,5
Diazepam,284.74,32.7,403,3,20,0,2,1,16
Diazinon,304.35,85.6,307,3.8,19,0,6,7,16
Diazoxide,230.67,66.9,360,1.2,14,1,3,0,15
Dibenzothiophene,184.26,28.2,170,4.4,13,0,1,0,14
Dibromomethane,173.83,0,2.8,1.8,3,0,0,0,14
Dibucaine,343.5,54.5,387,4.4,25,1,4,10,15
Dibutyl phthalate,278.34,52.6,271,4.7,20,0,4,10,16
Dicamba,221.03,46.5,198,2.2,13,1,3,2,15
"2,6-Dichlorobenzonitrile",172.01,23.8,150,2.7,10,0,1,0,14
Diclofenac,296.1,49.3,304,4.4,19,2,3,4,16
"p,p'-DDE",318,0,269,7,18,0,0,2,15
Clofenotane,354.5,0,250,6.9,19,0,0,2,17
Dichlorophen,269.12,40.5,226,4.3,17,2,2,2,17
Dichlorphenamide,305.2,137,452,0.3,16,2,6,2,16
Dichlorvos,220.97,44.8,181,1.4,11,0,4,4,17
Dicyclomine,309.5,29.5,326,5.5,22,0,3,8,16
Endrin,380.9,12.5,516,3.7,19,0,1,0,15
"4-[4-(4-Hydroxyphenyl)hexa-2,4-dien-3-yl]phenol",266.3,40.5,318,5.4,20,2,2,3,13
Diethyl pyrocarbonate,162.14,61.8,126,1.4,11,0,5,6,13
Diethylcarbamazine,199.29,26.8,184,0.3,14,0,2,2,13
Pentetic acid,393.35,196,481,-8.5,27,5,13,16,14
4-[4-(4-Hydroxyphenyl)hex-3-en-3-yl]phenol,268.3,40.5,286,5.1,20,2,2,4,10
Diflunisal,250.2,57.5,311,4.4,18,2,5,2,14
CID 3064,481.6,95.9,818,3.4,35,3,5,2,4
"4-[1,5,11,14-Tetrahydroxy-10-(hydroxymethyl)-13-methyl-3-(3,4,5-trihydroxy-6-methyloxan-2-yl)oxy-2,3,4,6,7,8,9,11,12,15,16,17-dodecahydro-1H-cyclopenta[a]phenanthren-17-yl]oxolan-2-one",586.7,207,1030,-1.2,41,8,12,4,5
"3-[2-[1-(5,6-Dimethylhept-3-en-2-yl)-7a-methyl-2,3,3a,5,6,7-hexahydro-1H-inden-4-ylidene]ethylidene]-4-methylcyclohexan-1-ol",398.7,20.2,639,7.7,29,1,1,5,11
"3,3'-Diindolylmethane",246.31,31.6,286,4.3,19,2,0,2,12
Diisopropyl methylphosphonate,180.18,35.5,140,0.6,11,0,3,4,14
Dimercaprol,124.23,22.2,32,0.2,6,3,3,2,14
Dimethadione,129.11,55.4,173,0.1,9,1,3,0,13
Dimethoate,229.3,105,191,0.8,12,1,5,5,16
Dimethyl dicarbonate,134.09,61.8,104,0.7,9,0,5,4,10
Dimetridazole,141.13,63.6,144,0.1,10,0,3,0,11
Dinitolmide,225.16,135,321,0.7,16,1,5,1,15
Dioctylamine,241.46,12,109,6.6,17,1,1,14,9
Diphenhydramine,255.35,12.5,211,3.3,19,0,2,6,16
Benzophenone,182.22,17.1,165,3.4,14,0,1,2,15
Diphenylpyraline,281.4,12.5,268,3.9,21,0,2,4,14
Dipyridamole,504.6,145,561,0.7,36,4,12,12,15
Dipyrithione,252.3,102,199,0.6,16,0,4,3,13
Disopyramide,339.5,59.2,409,3.2,25,1,3,8,15
Disulfiram,296.5,121,201,3.9,16,0,4,7,17
Disulfoton,274.4,101,168,4,14,0,5,9,15
Diuron,233.09,32.299,211,2.7,14,1,1,1,15
Valproic acid,144.21,37.3,93.4,2.8,10,1,2,5,16
"2-Aminooctadecane-1,3-diol",301.5,66.5,200,5.8,21,3,3,16,11
6-Dimethylaminopurine,163.18,57.7,160,0.7,12,1,4,1,11
3-[[4-(Dimethylamino)phenyl]methylidene]-1H-indol-2-one,264.32,32.299,394,3,20,1,2,2,6
"2,3-Dimethoxy-1,4-naphthoquinone",218.2,52.6,322,1.9,16,0,4,2,9
"2-[(1E,3E)-5-(3-Ethyl-2,3-dihydrobenzoxazole-2-ylidene)-1,3-pentadienyl]-3-ethylbenzoxazole-3-ium",359.4,29.5,537,5.8,27,0,3,5,6
Domperidone,425.9,67.9,655,3.9,30,2,3,5,15
Donepezil,379.5,38.8,510,4.3,28,0,4,6,15
"3-(6H-Benzo[c][1]benzothiepin-11-ylidene)-N,N-dimethylpropan-1-amine",295.4,28.5,363,4.5,21,0,2,3,10
Doxazosin,451.5,112,678,2.5,33,1,9,4,15
"1-(3,4-Dihydroxy-5-methyl-2-oxolanyl)-5-fluoropyrimidine-2,4-dione",246.19,99.1,399,-1.7,17,3,6,1,8
Doxylamine,270.37,25.4,276,2.5,20,0,3,6,15
Droperidol,379.4,52.6,615,3.5,28,1,4,6,17
Dropropizine,236.31,46.9,212,0.6,17,2,4,4,13
"2-Amino-3-(3,4-dihydroxyphenyl)-3-hydroxypropanoic acid",213.19,124,235,-3.2,15,5,6,3,7
Dyphylline,254.24,98.9,364,-1.8,18,2,5,3,15
N-[4-[1-[2-(6-Methylpyridin-2-yl)ethyl]piperidine-4-carbonyl]phenyl]methanesulfonamide,401.5,87.8,603,2.4,28,1,6,7,10
Ebastine,469.7,29.5,594,7.2,35,0,3,10,13
Ebselen,274.2,20.3,275,,16,0,1,1,14
Echinomycin,1101.3,352,2200,2.7,77,4,18,7,14
Econazole,381.7,27,379,5.3,24,0,2,6,14
CID 3199,761.8,194,1450,3.4,54,4,15,4,6
Ellipticine,246.31,28.7,342,4.8,19,1,1,0,12
Embelin,294.4,74.6,432,5.4,21,2,4,10,11
Emodin,270.24,94.8,434,2.7,20,3,5,0,14
Emorfazone,239.27,54.4,359,0,17,0,5,3,11
Endosulfan,406.9,54.7,470,3.8,19,0,4,0,16
Endothall,186.16,83.8,235,-0.5,13,2,5,2,16
Enflurane,184.49,9.2,107,2.1,10,0,6,3,14
"(3S,6R,9S,12R,15S,18R)-4,10,16-Trimethyl-3,6,9,12,15,18-hexa(propan-2-yl)-1,7,13-trioxa-4,10,16-triazacyclooctadecane-2,5,8,11,14,17-hexone",639.8,140,952,6.5,45,0,9,6,4
Glycyrrhetinic acid,470.7,74.6,965,6.4,34,2,4,1,11
24-Epibrassinolide,480.7,107,755,4.8,34,4,6,5,9
Epinastine,249.31,41.6,378,3.5,19,1,1,0,14
Epirizole,234.25,62.1,254,1.3,17,0,5,3,14
"3-[2-[1-(5,6-Dimethylhept-3-en-2-yl)-7a-methyl-2,3,3a,5,6,7-hexahydro-1H-inden-4-ylidene]ethylidene]-4-methylidenecyclohexan-1-ol",396.6,20.2,678,7.4,29,1,1,5,12
Erythromycin ethyl succinate,862.1,226,1450,3.4,60,4,17,14,14
Tetraiodofluorescein,835.9,76,645,6,29,2,5,0,14
Estazolam,294.74,43.1,407,1.7,21,0,3,1,14
"Estradiol, diacetate",356.5,52.6,573,3.4,26,0,4,4,7
16-Epiestriol,288.4,60.7,411,2.5,21,3,3,0,7
"Estrone, acetate",312.4,43.4,513,3.2,23,0,3,2,6
Etanidazole,214.18,113,242,-1.3,15,2,5,4,13
Ethacrynic acid,303.13,63.6,370,3.8,19,1,4,6,16
Ether,74.12,9.2,11.1,0.9,5,0,1,2,15
Ethinamate,167.2,52.3,220,1.3,12,1,2,3,14
Ethion,384.5,152,279,5.1,19,0,8,12,17
Ethoprophos,242.3,76.9,152,3.6,13,0,4,8,15
Ethosuximide,141.17,46.2,188,0.4,10,1,2,1,15
Ethotoin,204.22,49.4,272,1,15,1,2,2,15
Ethoxyquin,217.31,21.3,283,3.1,16,1,2,2,17
Ethoxzolamide,258.3,119,341,2,16,1,6,3,15
Ethyl loflazepate,360.8,67.8,556,2.9,25,1,5,4,12
Ethylenediamine,60.1,52,6,-2,4,2,2,1,16
Ethylnandrol,288.5,20.2,453,5.1,21,1,1,1,10
Etidronic acid,206.03,135,211,-3.7,11,5,7,2,16
Etilefrine,181.23,52.5,141,0.1,13,3,3,4,13
Etizolam,342.8,71.3,474,2.6,23,0,4,2,14
Etodolac,287.35,62.3,400,2.8,21,2,3,4,15
Eugenol,164.2,29.5,145,2,12,1,2,3,17
Famciclovir,321.33,122,404,0,23,1,8,9,16
Famotidine,337.5,238,469,-0.6,20,4,8,7,16
Famprofazone,377.5,26.8,558,5,28,0,3,7,13
Farnesyl alcohol,222.37,20.2,265,4.8,16,1,1,7,15
Carbonyl cyanide p-trifluoromethoxyphenylhydrazone,254.17,81.2,388,3.7,18,1,8,3,12
Felbamate,238.24,105,246,0.6,17,2,4,7,14
Felbinac,212.24,37.3,223,3,16,1,2,3,14
Felodipine,384.2,64.599,614,3.9,25,1,5,6,15
Fenbendazole,299.3,92.3,363,3.6,21,2,4,4,15
Fenbufen,254.28,54.4,310,3.2,19,1,3,5,13
Fenfluramine,231.26,12,203,3.4,16,1,4,4,15
Fenipentol,164.24,20.2,106,2.9,12,1,1,4,12
Fenofibrate,360.8,52.6,458,5.2,25,0,4,7,16
Fenoprofen,242.27,46.5,271,3.3,18,1,3,4,13
Fenoterol,303.35,93,310,2,22,5,5,6,14
Fenspiride,260.329,41.6,318,2.1,19,1,3,3,12
Fentanyl,336.5,23.6,391,4,25,0,2,6,15
Fenthion,278.3,85.1,254,4.1,16,0,5,5,18
Fenvalerate,419.9,59.3,586,6.2,30,0,4,8,16
Fipronil,437.1,104,599,4.5,26,1,11,2,16
Flecainide,414.34,59.6,500,3.8,28,2,10,7,14
Fleroxacin,369.34,64.099,595,-0.1,26,1,9,4,14
Floctafenine,406.4,91.7,548,3.7,29,3,9,7,13
Flopropione,182.17,77.8,180,1.6,13,3,4,2,12
Fluconazole,306.27,81.6,358,0.4,22,1,7,5,17
Flucytosine,129.09,67.5,208,-0.9,9,2,3,0,16
Fluorocortisone acetate,422.5,101,838,1.7,30,2,7,4,9
Flufenamic acid,281.23,49.3,346,5.2,20,2,6,3,14
Fluphenazine,437.5,55.2,544,4.4,30,1,8,6,16
Flumequine,261.25,57.6,462,2.9,19,1,5,1,17
Flunitrazepam,313.28,78.5,519,2.1,23,0,5,1,14
5-Fluorouracil,130.08,58.2,199,-0.9,9,2,3,0,16
Fluoxetine,309.33,21.3,308,4,22,1,5,6,15
Fluphenazine decanoate,591.8,61.3,765,9,41,0,9,16,12
Fluphenazine enanthate,549.7,61.3,720,7.4,38,0,9,13,12
Flurazepam,387.9,35.9,540,3,27,0,4,6,15
Flurbiprofen,244.26,37.3,286,4.2,18,1,3,3,15
Flurbiprofen axetil,330.3,52.6,433,4.9,24,0,5,7,9
Fluspirilene,475.6,35.6,653,5.6,35,1,5,7,14
Flutamide,276.21,74.9,352,3.3,19,1,6,2,15
Flonase;Veramyst,500.6,106,984,4,34,1,9,6,6
Flutrimazole,346.4,17.8,445,4.6,26,0,3,4,9
"7-[3-(4-Fluorophenyl)-1-propan-2-yl-2-indolyl]-3,5-dihydroxy-6-heptenoic acid",411.5,82.7,590,3.5,30,3,5,8,11
Fomepizole,82.1,28.7,44.8,1.4,6,1,1,0,14
"4-Androsten-4-ol-3,17-dione",302.4,54.4,590,2.6,22,1,3,0,8
Formoterol,344.4,90.8,388,1.8,25,4,5,8,16
Fosfosal,218.1,104,259,0,14,3,6,3,12
"7-Ethylidene-4,21-di(propan-2-yl)-2-oxa-12,13-dithia-5,8,20,23-tetrazabicyclo[8.7.6]tricos-16-ene-3,6,9,19,22-pentone",540.7,193,905,2.2,36,4,8,2,11
"10-[[5-Methoxy-4-[2-methyl-3-(3-methylbut-2-enyl)oxiran-2-yl]-1-oxaspiro[2.5]octan-6-yl]oxy]-10-oxodeca-2,4,6,8-tetraenoic acid",458.5,97.9,879,4,33,1,7,11,9
Macrofusin,721.8,289,1070,-0.5,50,8,16,31,13
"Fumonisin B2, Fusarium moniliforme",705.8,268,1040,1.2,49,7,15,31,5
Levofuraltadone,324.29,113,476,0.8,23,0,8,4,9
"2-Oxazolidinone, 3-[[(5-nitro-2-furanyl)methylene]amino]-",225.16,101,326,-0.1,16,0,6,2,14
Furfurylamine,97.12,39.2,56,0.4,7,1,2,1,11
Furosemide,330.74,131,481,2,21,3,7,5,16
Fusaric acid,179.22,50.2,170,2.6,13,1,3,4,15
Bromuconazole,377.1,39.9,352,3.6,20,0,3,3,14
Gabapentin,171.24,63.3,162,-1.1,12,2,3,3,16
Gambogicacid,628.7,119,1490,7.3,46,2,8,8,6
4-Aminohex-5-ynoic acid,127.14,63.3,144,-3,9,2,3,3,11
Gedunine,482.6,95.3,1030,4.2,35,0,7,3,6
ONO 802; Preglandin; SC 37681,394.5,83.8,549,4.2,28,2,5,13,6
Gemfibrozil,250.33,46.5,273,3.8,18,1,3,6,16
Gentamicin,477.6,200,636,-4.1,33,8,12,7,15
"2,5-Dihydroxybenzoic acid",154.12,77.8,157,1.6,11,3,4,1,13
Primostat,414.6,60.4,752,5.1,30,0,4,7,6
Gliclazide,323.4,86.9,497,1.5,22,2,4,3,14
Glimepiride,490.6,133,895,3.9,34,3,5,7,15
Glipizide,445.5,139,697,1.9,31,3,6,7,15
Glutaraldehyde,100.12,34.1,51.1,-0.5,7,0,2,4,17
Glutethimide,217.26,46.2,294,1.9,16,1,2,2,15
Glyburide,494,122,746,4.8,33,3,5,8,15
"2-[[4-(3,12-Dihydroxy-10,13-dimethyl-2,3,4,5,6,7,8,9,11,12,14,15,16,17-tetradecahydro-1H-cyclopenta[a]phenanthren-17-yl)-1-oxopentyl]amino]acetic acid",449.6,107,727,4.3,32,4,5,6,6
Glycopyrronium,318.4,46.5,424,3.1,23,1,3,5,15
Glyphosate,169.07,107,162,-4.6,10,4,6,4,15
"3-[1-[3-(Dimethylamino)propyl]-5-methoxy-1H-indol-3-yl]-4-(1H-indol-3-yl)-1H-pyrrole-2,5-dione",442.5,79.4,796,3.1,33,2,4,7,10
Gossypol,518.6,156,780,6.9,38,6,8,5,15
Granisetron,312.4,50.2,442,2.8,23,1,3,2,15
Andromedol,370.5,121,623,0.3,26,6,6,0,5
g-Glutamyl-S-nitrosocysteinylglycine,336.32,214,445,-4.8,22,5,10,10,7
Guaiazulene,198.3,0,206,4.8,15,0,0,1,14
Guaifenesin,198.22,58.9,151,1.4,14,2,4,5,15